,City,Cloudiness,Country,Date,Humidity,Lat,Lng,Max Temp,Wind Speed
0,Jamestown,1,US,1586654195,48,42.1,-79.24,42.01,3.36
1,Kalianget,44,ID,1586654371,76,-7.05,113.93,80.87,3.29
2,Uvat,1,RU,1586654372,90,59.14,68.9,33.8,4.63
3,Atuona,38,PF,1586654271,64,-9.8,-139.03,82.67,5.21
4,Busselton,92,AU,1586654244,59,-33.65,115.33,73.99,9.22
5,Punta Arenas,75,CL,1586654295,81,-53.15,-70.92,42.8,10.29
6,Rikitea,49,PF,1586654286,73,-23.12,-134.97,78.06,4.88
7,Leningradskiy,74,RU,1586654379,86,69.38,178.42,17.37,2.91
8,Solwezi,70,ZM,1586654380,66,-12.17,26.39,60.71,4.12
9,New Norfolk,75,AU,1586654381,58,-42.78,147.06,59.0,14.99
10,San Jose,20,US,1586654225,67,37.34,-121.89,64.99,11.41
11,Castro,15,BR,1586654329,72,-24.79,-50.01,56.14,4.54
12,Bowen,83,AU,1586654385,48,-20.02,148.23,88.0,6.93
13,Saint George,1,US,1586654386,32,37.1,-113.58,68.0,13.87
14,Ulladulla,0,AU,1586654388,32,-35.35,150.47,66.2,5.82
15,Upernavik,100,GL,1586654389,88,72.79,-56.15,19.87,1.63
16,Hermanus,100,ZA,1586654254,93,-34.42,19.23,63.0,18.01
17,Nikolskoye,1,RU,1586654391,100,59.7,30.79,24.8,3.0
18,Severo-Kuril'sk,64,RU,1586654307,93,50.68,156.12,30.72,7.4
19,Lebu,0,CL,1586654394,70,-37.62,-73.65,53.4,15.01
20,Hithadhoo,15,MV,1586654256,69,-0.6,73.08,84.31,9.22
21,Katsuura,75,JP,1586654263,81,35.13,140.3,59.0,11.41
22,Mataura,93,NZ,1586654398,56,-46.19,168.86,62.96,10.04
23,Guerrero Negro,3,MX,1586654339,61,27.98,-114.06,64.11,20.54
24,Ilo,10,PE,1586654400,77,-17.64,-71.34,71.62,4.56
25,Yar-Sale,35,RU,1586654401,91,66.83,70.83,9.07,6.15
26,Matara,11,LK,1586654403,88,5.95,80.54,76.44,4.18
27,Tiksi,59,RU,1586654404,91,71.69,128.87,7.72,17.87
28,São José da Coroa Grande,6,BR,1586654335,78,-8.9,-35.15,80.96,8.37
29,Huarmey,17,PE,1586654407,73,-10.07,-78.15,74.59,8.16
30,Karabulak,100,RU,1586654408,93,43.3,44.9,44.6,6.71
31,Qaanaaq,100,GL,1586654409,73,77.48,-69.36,11.53,2.62
32,Kavieng,86,PG,1586654224,71,-2.57,150.8,83.71,0.76
33,Cidreira,6,BR,1586654412,69,-30.18,-50.21,65.61,5.23
34,Barcelos,82,PT,1586654413,100,41.54,-8.62,53.01,4.76
35,Tuktoyaktuk,20,CA,1586654414,84,69.45,-133.04,6.8,10.29
36,Kapaa,90,US,1586654334,73,22.08,-159.32,78.8,17.22
37,Barrow,90,US,1586654182,86,71.29,-156.79,26.6,18.34
38,Trelew,0,AR,1586654418,38,-43.25,-65.31,54.64,4.81
39,Banda Aceh,14,ID,1586654337,79,5.56,95.32,80.15,2.28
40,Genhe,5,CN,1586654421,34,50.78,121.52,48.83,2.06
41,Kudahuvadhoo,2,MV,1586654422,65,2.67,72.89,84.18,4.68
42,Vanavara,0,RU,1586654424,90,60.34,102.28,30.11,2.26
43,Kjøllefjord,93,NO,1586654372,94,70.95,27.35,25.74,8.77
44,Antalaha,17,MG,1586654426,84,-14.9,50.28,76.33,12.57
45,Yumen,100,CN,1586654360,23,40.28,97.2,45.59,5.64
46,Deputatsky,79,RU,1586654367,92,69.3,139.9,24.87,14.14
47,Goes,0,NL,1586654430,66,51.5,3.89,55.4,4.7
48,Kaduqli,32,SD,1586654431,11,11.02,29.72,84.31,17.36
49,Ushuaia,40,AR,1586654301,75,-54.8,-68.3,41.0,20.8
50,Mayumba,98,GA,1586654434,87,-3.43,10.66,78.44,11.95
51,Chumikan,36,RU,1586654435,67,54.72,135.31,41.22,7.81
52,Qiongshan,90,CN,1586654436,83,20.01,110.35,69.8,20.13
53,Vaini,20,TO,1586654438,65,-21.2,-175.2,80.6,6.93
54,Nouadhibou,0,MR,1586654439,68,20.93,-17.03,68.0,20.8
55,Kachīry,52,KZ,1586654440,62,53.07,76.1,41.85,6.87
56,Khatanga,72,RU,1586654373,94,71.97,102.5,7.93,8.16
57,Karatuzskoye,0,RU,1586654442,78,53.61,92.87,33.42,2.13
58,Albany,1,US,1586654298,38,42.6,-73.97,42.8,9.17
59,Santa Cruz de la Sierra,0,BO,1586654446,68,-17.8,-63.17,69.8,4.7
60,Vaitape,56,PF,1586654447,76,-16.52,-151.75,83.48,14.14
61,Sitka,20,US,1586654335,49,57.05,-135.33,46.4,4.7
62,Pueblo Bello,98,CO,1586654450,87,8.2,-76.53,78.04,3.27
63,Nantucket,20,US,1586654451,70,41.28,-70.1,46.4,11.41
64,Karpathos,0,GR,1586654452,87,35.51,27.21,59.0,11.41
65,Vallenar,97,CL,1586654455,60,-28.57,-70.76,60.57,0.76
66,Port Alfred,40,ZA,1586654298,78,-33.59,26.89,68.0,3.0
67,Hilo,40,US,1586654458,65,19.73,-155.09,82.4,4.16
68,Avarua,96,CK,1586654253,89,-21.21,-159.78,84.2,5.82
69,Bethel,1,US,1586654461,48,41.37,-73.41,48.99,6.78
70,Langxiang,0,CN,1586654462,41,46.95,128.88,49.06,2.84
71,Buraidah,0,SA,1586654262,45,26.33,43.98,64.4,18.34
72,Hare Bay,75,CA,1586654465,80,48.85,-54.01,33.8,16.11
73,Bodden Town,20,KY,1586654398,79,19.28,-81.25,84.2,4.7
74,Zeya,5,RU,1586654467,60,53.75,127.27,43.66,3.69
75,Kruisfontein,96,ZA,1586654468,53,-34.0,24.73,61.29,7.02
76,Bengkulu,72,ID,1586654318,81,-3.8,102.27,79.36,5.48
77,Isangel,20,VU,1586654471,66,-19.55,169.27,84.2,3.36
78,Champerico,59,GT,1586654472,65,14.3,-91.92,84.72,0.78
79,Lahān,71,NP,1586654272,28,26.73,86.5,73.67,4.74
80,Sulangan,23,PH,1586654387,74,11.14,123.72,81.34,6.6
81,Puerto Ayora,75,EC,1586654478,74,-0.74,-90.35,82.4,11.41
82,Codrington,95,AU,1586654479,62,-38.27,141.97,55.71,9.84
83,Bluff,85,NZ,1586654481,59,-46.6,168.33,61.23,13.09
84,Port Elizabeth,78,ZA,1586654448,52,-33.92,25.57,66.2,5.82
85,Touros,20,BR,1586654355,88,-5.2,-35.46,78.8,3.36
86,Iracoubo,100,GF,1586654485,78,5.48,-53.2,79.12,11.54
87,Hereford,0,GB,1586654486,87,52.06,-2.71,53.01,0.89
88,Kupang,75,ID,1586654490,70,-10.17,123.58,84.2,3.36
89,Salalah,40,OM,1586654287,78,17.02,54.09,80.6,11.41
90,Acapulco de Juárez,40,MX,1586654492,78,16.86,-99.89,80.6,9.17
91,Saint Paul Harbor,90,US,1586654493,80,57.79,-152.41,39.2,17.22
92,Swellendam,100,ZA,1586654495,68,-34.02,20.44,66.2,13.87
93,City of San Pedro,75,PH,1586654497,66,14.35,121.02,86.0,8.05
94,Bambous Virieux,40,MU,1586654498,78,-20.34,57.76,78.01,14.99
95,Fairbanks,1,US,1586654499,41,64.84,-147.72,46.4,5.82
96,Lethem,91,GY,1586654501,55,3.38,-59.8,84.0,9.71
97,Esperance,100,AU,1586654411,35,-33.87,121.9,84.2,19.46
98,Kibi,98,GH,1586654504,85,6.16,-0.55,75.22,2.8
99,Saldanha,100,ZA,1586654272,93,-33.01,17.94,60.8,12.75
100,Mount Isa,1,AU,1586654506,13,-20.73,139.5,84.2,11.41
101,Banjar,20,ID,1586654508,79,-8.19,114.97,84.2,5.82
102,Henties Bay,3,NA,1586654466,89,-22.12,14.28,63.0,5.93
103,Los Alamos,75,US,1586654510,11,35.89,-106.31,61.0,13.87
104,San Cristobal,75,VE,1586654404,61,7.77,-72.22,70.25,1.14
105,Broken Hill,1,AU,1586654514,44,-31.95,141.43,57.2,12.75
106,Lagunillas,82,VE,1586654515,73,10.13,-71.26,84.72,3.38
107,Saint-Philippe,51,RE,1586654516,78,-21.36,55.77,73.4,5.82
108,Agüimes,40,ES,1586654374,68,27.91,-15.45,66.2,17.22
109,Huilong,28,CN,1586654519,68,31.81,121.66,54.0,8.01
110,Ginda,49,IN,1586654520,18,30.69,78.49,53.55,6.6
111,Boffa,56,GN,1586654521,85,10.17,-14.03,78.22,2.21
112,Cape Town,75,ZA,1586654472,93,-33.93,18.42,64.99,20.8
113,Nyurba,99,RU,1586654335,94,63.28,118.33,31.08,9.6
114,Bac Lieu,5,VN,1586654463,69,9.29,105.72,81.86,7.74
115,Talnakh,75,RU,1586654336,93,69.49,88.4,33.8,31.32
116,Hobart,75,AU,1586654527,58,-42.88,147.33,59.0,14.99
117,Kastornoye,22,RU,1586654529,79,51.83,38.13,33.35,12.64
118,Mar del Plata,68,AR,1586654533,82,-38.0,-57.56,62.01,4.7
119,Hofn,65,IS,1586654331,83,64.25,-15.21,34.48,17.74
120,Fortuna,90,US,1586654535,76,40.6,-124.16,55.99,11.41
121,São João da Barra,99,BR,1586654537,90,-21.64,-41.05,71.8,15.43
122,Winona,90,US,1586654538,53,43.97,-91.77,55.4,5.82
123,Chapleau,90,CA,1586654539,48,47.84,-83.4,39.2,8.05
124,Alta Floresta,90,BR,1586654541,88,-9.88,-56.09,73.51,2.3
125,Zhangaözen,77,KZ,1586654542,62,43.3,52.8,43.2,8.23
126,Hualmay,30,PE,1586654311,75,-11.1,-77.61,73.4,5.97
127,Butaritari,85,KI,1586654545,74,3.07,172.79,84.0,10.33
128,Norman Wells,20,CA,1586654546,50,65.28,-126.83,28.4,6.93
129,Beloha,100,MG,1586654547,70,-25.17,45.05,72.75,9.53
130,San Antonio,40,US,1586654400,83,29.42,-98.49,78.01,11.41
131,Voi,100,KE,1586654550,70,-3.39,38.56,72.99,7.2
132,Souillac,40,MU,1586654552,78,-20.52,57.52,78.01,14.99
133,Ribeira Grande,0,PT,1586654311,74,38.52,-28.7,61.5,7.9
134,Yellowknife,40,CA,1586654525,52,62.46,-114.35,19.4,16.11
135,Slave Lake,90,CA,1586654556,58,55.28,-114.77,28.4,9.17
136,Tomatlán,87,MX,1586654557,42,19.93,-105.25,83.17,13.58
137,Beaufort,75,MY,1586654558,88,5.35,115.75,82.4,2.24
138,Morón,26,AR,1586654559,77,-34.65,-58.62,66.99,11.41
139,Vao,31,NC,1586654561,75,-22.67,167.48,76.71,13.94
140,Chapais,90,CA,1586654437,68,49.78,-74.85,28.4,10.29
141,Maragogi,7,BR,1586654307,79,-9.01,-35.22,80.08,7.67
142,Altukhovo,0,RU,1586654564,88,52.67,34.36,30.81,6.93
143,Patti,40,IN,1586654565,88,31.28,74.86,69.8,3.85
144,Kloulklubed,75,PW,1586654567,70,7.04,134.26,87.8,10.29
145,Laguna,1,US,1586654366,72,38.42,-121.42,71.01,12.75
146,Mossendjo,100,CG,1586654569,87,-2.95,12.73,70.3,2.62
147,Lompoc,75,US,1586654570,72,34.64,-120.46,68.0,14.99
148,Tiznit Province,100,MA,1586654572,73,29.58,-9.5,58.46,4.05
149,Beyneu,21,KZ,1586654407,50,45.32,55.2,49.01,3.71
150,Coahuayana Viejo,41,MX,1586654574,52,18.73,-103.68,84.7,5.41
151,Kaitangata,93,NZ,1586654575,84,-46.28,169.85,57.0,1.01
152,Inhambane,29,MZ,1586654577,83,-23.86,35.38,72.19,2.59
153,Cap Malheureux,40,MU,1586654578,78,-19.98,57.61,78.01,14.99
154,Razlog,93,BG,1586654579,68,41.89,23.47,46.99,3.0
155,Coyhaique,99,CL,1586654336,61,-45.58,-72.07,46.4,4.7
156,Grindavik,40,IS,1586654414,79,63.84,-22.43,35.6,11.41
157,Tasiilaq,90,GL,1586654348,62,65.61,-37.64,24.8,8.05
158,Arrondissement de Saint-Denis,70,FR,1586654419,66,48.92,2.33,64.4,2.24
159,Adeje,40,ES,1586654586,72,28.12,-16.73,66.2,8.05
160,San Patricio,40,MX,1586654378,74,19.22,-104.7,82.4,14.67
161,Arlit,13,NE,1586654294,12,18.74,7.39,85.37,11.25
162,Bredasdorp,100,ZA,1586654590,68,-34.53,20.04,66.2,13.87
163,Lata,75,PT,1586654411,93,40.16,-8.33,57.0,3.36
164,Saskylakh,12,RU,1586654593,90,71.92,114.08,1.02,12.59
165,Moratuwa,20,LK,1586654414,100,6.77,79.88,77.0,3.36
166,Minbu,76,MM,1586654595,65,20.18,94.88,79.0,1.86
167,Beira,20,MZ,1586654597,88,-19.84,34.84,69.8,4.7
168,Shimoda,75,JP,1586654460,87,34.67,138.95,57.2,16.11
169,Sakakah,0,SA,1586654310,41,29.97,40.21,59.0,5.88
170,Cherskiy,96,RU,1586654600,96,68.75,161.3,19.17,14.2
171,Santa Helena de Goiás,46,BR,1586654500,68,-17.81,-50.6,69.33,5.57
172,Maniitsoq,87,GL,1586654603,74,65.42,-52.9,38.17,7.52
173,Giohar,23,SO,1586654604,70,2.78,45.5,81.32,5.68
174,Port Lincoln,79,AU,1586654606,60,-34.73,135.87,58.19,8.41
175,Nueva Loja,79,EC,1586654398,86,0.08,-76.88,73.47,0.27
176,Tuatapere,45,NZ,1586654310,55,-46.13,167.68,65.08,8.66
177,Mnogovershinnyy,78,RU,1586654610,83,53.94,139.92,31.35,10.67
178,Zyryanka,2,RU,1586654611,96,65.75,150.85,27.03,15.03
179,Bundaberg,46,AU,1586654612,32,-24.85,152.35,82.4,6.93
180,Candelaria,9,PH,1586654614,72,13.93,121.42,84.99,1.99
181,Ouadda,88,CF,1586654615,69,8.08,22.4,70.65,3.49
182,Mont-Dore,38,NC,1586654616,45,-22.28,166.58,87.8,9.17
183,Kenai,20,US,1586654488,44,60.55,-151.26,42.8,13.87
184,Swan Hill,0,AU,1586654619,57,-35.34,143.55,56.88,9.15
185,Bastrop,1,US,1586654620,72,32.76,-91.87,70.0,5.7
186,Bambanglipuro,76,ID,1586654622,76,-7.95,110.28,79.72,2.19
187,Ishigaki,75,JP,1586654395,82,24.34,124.16,64.4,12.75
188,Vigrestad,75,NO,1586654624,93,58.57,5.7,44.6,5.82
189,Portland,20,US,1586654452,38,45.52,-122.68,62.01,9.17
190,Divnoye,5,RU,1586654627,73,45.91,43.35,38.66,9.53
191,George Town,20,MY,1586654628,79,5.41,100.34,86.0,5.82
192,Tessalit,0,ML,1586654630,13,20.2,1.01,79.02,3.06
193,Örnsköldsvik,100,SE,1586654631,95,63.29,18.72,35.6,12.75
194,Batemans Bay,2,AU,1586654376,49,-35.72,150.18,66.0,5.01
195,Nishihara,75,JP,1586654462,77,26.18,127.76,68.0,25.28
196,Marsh Harbour,62,BS,1586654635,82,26.54,-77.06,73.67,17.58
197,Qian’an,3,CN,1586654636,36,44.99,124.06,52.21,5.53
198,Sur,18,OM,1586654418,69,22.57,59.53,77.77,13.85
199,Praia da Vitória,40,PT,1586654423,82,38.73,-27.07,60.8,11.16
200,Torbay,90,CA,1586654640,74,47.67,-52.73,35.01,24.16
201,Waycross,1,US,1586654642,42,31.21,-82.35,64.99,5.82
202,Umluj,18,SA,1586654643,52,25.02,37.27,68.04,9.95
203,Alice Springs,40,AU,1586654497,12,-23.7,133.88,84.2,5.82
204,Ipixuna,75,BR,1586654645,100,-1.76,-48.8,77.0,2.24
205,Bozeman,90,US,1586654647,92,45.68,-111.04,28.99,6.93
206,Mwene-Ditu,96,CD,1586654648,75,-7.0,23.45,67.32,3.47
207,Christchurch,44,NZ,1586654649,40,-43.53,172.63,72.0,16.11
208,Nome,90,US,1586654651,92,64.5,-165.41,30.2,10.29
209,Khandyga,100,RU,1586654593,96,62.67,135.6,30.61,6.26
210,Severo-Yeniseyskiy,0,RU,1586654653,93,60.37,93.04,23.74,3.8
211,Longyearbyen,20,SJ,1586654655,69,78.22,15.64,-7.6,5.82
212,Hatillo,1,PR,1586654656,82,18.49,-66.83,82.0,4.7
213,Dafeng,53,CN,1586654657,53,23.45,108.59,57.0,10.71
214,Macusani,47,PE,1586654658,15,-14.08,-70.43,36.25,2.21
215,Taree,0,AU,1586654660,37,-31.9,152.47,66.99,8.05
216,Nemuro,75,JP,1586654661,55,43.32,145.57,35.6,2.24
217,Izmaylovo,100,RU,1586654662,78,53.72,47.25,38.95,10.6
218,Coquimbo,99,CL,1586654462,87,-29.95,-71.34,59.0,5.82
219,Hong Kong,20,HK,1586654665,52,22.29,114.16,69.01,13.87
220,Havelock,1,US,1586654404,58,34.88,-76.9,60.8,4.7
221,Tabou,63,CI,1586654667,84,4.42,-7.35,79.23,1.7
222,Upington,5,ZA,1586654669,36,-28.45,21.26,62.6,5.82
223,Dikson,100,RU,1586654670,96,73.51,80.55,14.0,14.5
224,Mount Gambier,90,AU,1586654459,58,-37.83,140.77,57.2,6.93
225,Cabo San Lucas,40,MX,1586654673,60,22.89,-109.91,72.0,14.99
226,Lüderitz,0,NA,1586654674,87,-26.65,15.16,57.2,3.36
227,Mount Hagen,40,PG,1586654675,73,-5.86,144.23,71.6,4.7
228,Pershotravneve,0,UA,1586654677,79,51.39,28.87,32.7,0.4
229,Bud,40,US,1586654678,35,39.45,-86.18,57.99,8.05
230,Daru,90,PG,1586654679,74,-9.08,143.21,83.8,10.2
231,Bukama,86,CD,1586654680,75,-9.2,25.85,69.6,2.08
232,Ponta do Sol,40,PT,1586654682,67,32.67,-17.1,62.6,12.75
233,Carnarvon,6,AU,1586654683,61,-24.87,113.63,82.4,18.34
234,Rocha,59,UY,1586654684,83,-34.48,-54.33,58.44,5.41
235,Pevek,54,RU,1586654686,91,69.7,170.31,9.86,14.79
236,Tilichiki,3,RU,1586654687,90,60.47,166.1,14.04,5.12
237,Aklavik,5,CA,1586654688,49,68.22,-135.01,23.0,6.93
238,Sambava,10,MG,1586654689,83,-14.27,50.17,75.0,9.51
239,Kristiansund,100,NO,1586654691,75,63.11,7.73,46.4,24.16
240,Naze,75,JP,1586654608,83,28.37,129.48,69.8,16.11
241,Burley,1,US,1586654694,26,42.54,-113.79,57.2,24.16
242,Mahébourg,40,MU,1586654695,78,-20.41,57.7,78.01,14.99
243,Oranjestad,20,AW,1586654696,78,12.52,-70.03,80.6,24.16
244,Ormara,22,PK,1586654697,72,25.21,64.64,76.14,3.94
245,Ketchikan,1,US,1586654437,29,55.34,-131.65,51.8,18.34
246,Kabalo,97,CD,1586654700,81,-6.05,26.92,69.76,3.78
247,Wewak,95,PG,1586654702,77,-3.55,143.63,83.12,2.37
248,San Felipe,45,VE,1586654703,72,10.34,-68.74,76.87,4.52
249,Hīt,28,IQ,1586654705,40,33.64,42.83,66.29,7.09
250,Honningsvåg,92,NO,1586654706,92,70.98,25.97,30.7,11.14
251,Sri Aman,75,MY,1586654441,94,1.24,111.46,78.8,2.24
252,Sobolevo,0,RU,1586654709,83,54.43,31.9,31.84,6.51
253,Chimbote,14,PE,1586654427,74,-9.09,-78.58,74.25,8.72
254,Āsosa,93,ET,1586654712,44,10.07,34.53,70.81,1.43
255,Bilma,100,NE,1586654476,16,18.69,12.92,77.27,4.88
256,Xai-Xai,0,MZ,1586654714,91,-25.05,33.64,68.11,6.46
257,Vestavia Hills,1,US,1586654716,34,33.45,-86.79,64.4,5.82
258,Dvorichna,78,UA,1586654717,74,49.85,37.69,37.0,11.41
259,Caravelas,38,BR,1586654718,86,-17.71,-39.25,78.42,7.36
260,Labuhan,33,ID,1586654720,80,-6.88,112.21,79.61,4.43
261,Khanpur,77,PK,1586654721,27,28.65,70.66,83.48,4.63
262,Pichayevo,99,RU,1586654436,82,53.24,42.2,34.41,13.91
263,Klaksvík,100,FO,1586654724,80,62.23,-6.59,39.2,24.16
264,Kamenka,80,RU,1586654725,86,51.32,42.77,32.0,1.01
265,Vila Franca do Campo,20,PT,1586654726,76,37.72,-25.43,57.2,13.87
266,Rāmpura,84,IN,1586654728,36,30.25,75.23,73.8,4.94
267,Zhigansk,97,RU,1586654731,97,66.77,123.37,26.53,15.08
268,Port Augusta,3,AU,1586654732,63,-32.5,137.77,60.8,8.05
269,Saint-Pierre,59,RE,1586654733,78,-21.34,55.48,73.4,5.82
270,Iqaluit,90,CA,1586654734,68,63.75,-68.51,24.8,6.93
271,Chui,12,UY,1586654736,76,-33.7,-53.46,62.17,6.55
272,Pacific Grove,90,US,1586654737,76,36.62,-121.92,64.0,6.93
273,Santa Isabel Rio Negro,100,BR,1586654738,97,-0.41,-65.02,73.49,1.7
274,Viedma,78,AR,1586654740,49,-40.81,-63.0,55.27,5.93
275,Geraldton,40,AU,1586654741,83,-28.77,114.6,77.0,8.05
276,Hobyo,10,SO,1586654742,74,5.35,48.53,82.09,10.85
277,Kokopo,78,PG,1586654580,70,-4.35,152.26,84.85,5.53
278,Nuevo Progreso,78,MX,1586654745,70,23.17,-97.95,81.0,3.0
279,Okhotsk,33,RU,1586654746,92,59.38,143.3,29.44,2.59
280,Hamilton,20,US,1586654519,37,39.18,-84.53,57.2,6.93
281,Harlingen,1,US,1586654452,69,26.19,-97.7,82.4,12.71
282,Richards Bay,56,ZA,1586654750,82,-28.78,32.04,71.15,13.78
283,Hirara,75,JP,1586654751,72,24.8,125.28,66.2,17.22
284,Sept-Îles,20,CA,1586654752,47,50.2,-66.38,36.0,8.05
285,Araouane,0,ML,1586654754,13,18.9,-3.53,82.85,3.04
286,Kabo,100,CF,1586654755,71,7.7,18.63,73.58,4.43
287,Colquechaca,0,BO,1586654756,15,-18.67,-66.02,36.86,0.85
288,Pelym,99,RU,1586654757,92,61.01,62.0,33.78,3.42
289,Padang,85,ID,1586654759,74,-0.95,100.35,80.42,4.76
290,Antofagasta,90,CL,1586654558,72,-23.65,-70.4,66.2,6.93
291,Kibakwe,90,TZ,1586654762,69,-6.72,36.37,64.47,3.85
292,Auki,98,SB,1586654763,72,-8.77,160.7,83.57,0.74
293,Bon Accord,20,CA,1586654765,42,53.83,-113.42,30.2,6.93
294,Airai,97,TL,1586654766,69,-8.93,125.41,65.61,2.35
295,Yerofey Pavlovich,0,RU,1586654767,54,53.97,121.97,42.49,1.72
296,Lavrentiya,96,RU,1586654768,97,65.58,-171.0,32.22,11.36
297,Aksha,0,RU,1586654770,31,50.28,113.29,49.57,3.31
298,Lāharpur,0,IN,1586654771,25,27.72,80.9,75.63,3.24
299,Clyde River,40,CA,1586654773,91,70.47,-68.59,1.4,16.11
300,Berlevåg,67,NO,1586654774,93,70.86,29.09,25.02,7.78
301,Olafsvik,58,IS,1586654775,84,64.89,-23.71,35.1,28.63
302,Honiara,75,SB,1586654777,70,-9.43,159.95,87.8,6.93
303,Skibbereen,40,IE,1586654778,65,51.55,-9.27,46.4,2.24
304,Nanortalik,100,GL,1586654780,76,60.14,-45.24,36.68,32.61
305,Zykovo,0,RU,1586654781,83,55.95,93.15,32.0,4.94
306,Mossamedes,12,AO,1586654783,63,-15.2,12.15,77.14,4.25
307,Teknāf,6,BD,1586654784,79,20.86,92.31,74.12,3.47
308,Morristown,90,US,1586654785,28,36.21,-83.29,61.0,3.36
309,Arman',85,RU,1586654787,92,59.7,150.17,23.63,4.05
310,Caucayá,30,CO,1586654788,89,-0.19,-74.78,74.84,1.19
311,Tambun,20,ID,1586654789,79,-6.26,107.07,86.0,5.17
312,Dondo,20,MZ,1586654790,88,-19.61,34.74,69.8,4.7
313,Nurota,100,UZ,1586654792,82,40.56,65.69,60.8,9.17
314,Seymchan,87,RU,1586654793,92,62.88,152.43,25.11,3.06
315,Kovdor,66,RU,1586654796,94,67.57,30.48,20.14,5.28
316,Omboué,100,GA,1586654507,91,-1.57,9.26,76.73,10.78
317,Limulunga,86,ZM,1586654799,67,-15.1,23.14,65.16,3.89
318,Dakar,1,SN,1586654524,88,14.69,-17.44,75.2,4.7
319,Oga,9,IT,1586654801,92,46.46,10.35,52.0,1.12
320,Nikolayevskaya,20,RU,1586654802,76,47.61,41.5,37.69,7.76
321,Thompson,90,CA,1586654767,72,55.74,-97.86,17.6,14.99
322,Griffith,90,US,1586654541,38,41.53,-87.42,60.8,17.22
323,Provideniya,100,RU,1586654807,93,64.38,-173.3,32.56,5.99
324,Kununurra,84,AU,1586654808,58,-15.77,128.73,86.0,8.05
325,Taltal,21,CL,1586654810,76,-25.4,-70.48,63.19,4.41
326,Constitución,73,CL,1586654811,80,-35.33,-72.42,53.71,12.62
327,Santa Vitória do Palmar,14,BR,1586654813,75,-33.52,-53.37,62.37,6.96
328,Grand Gaube,40,MU,1586654784,78,-20.01,57.66,78.01,14.99
329,Nueva Granada,80,CO,1586654815,61,9.8,-74.39,85.59,6.29
330,Porbandar,42,IN,1586654817,63,21.64,69.61,79.77,12.91
331,Buala,91,SB,1586654705,73,-8.14,159.59,83.97,5.44
332,Miles City,90,US,1586654819,92,46.41,-105.84,28.99,8.05
333,Chotila,51,IN,1586654821,55,22.42,71.18,84.99,9.06
334,Port Hardy,20,CA,1586654823,39,50.7,-127.42,55.4,11.41
335,Chokurdakh,100,RU,1586654824,98,70.63,147.92,28.33,12.84
336,Nouakchott,0,MR,1586654826,53,18.09,-15.98,74.95,17.72
337,Black River,20,JM,1586654827,78,18.03,-77.85,82.4,4.7
338,Cururupu,100,BR,1586654829,91,-1.83,-44.87,78.57,4.63
339,Baykit,46,RU,1586654830,94,61.67,96.37,26.42,3.38
340,Verāval,11,IN,1586654643,58,20.9,70.37,79.36,11.54
341,Kidal,16,ML,1586654833,18,18.44,1.41,87.08,6.98
342,Tezu,8,IN,1586654834,32,27.92,96.17,70.93,3.38
343,Rawson,0,AR,1586654732,38,-43.3,-65.1,55.98,5.28
344,Srbac,1,BA,1586654837,87,45.1,17.52,44.6,2.24
345,Healdsburg,75,US,1586654838,82,38.61,-122.87,66.0,9.17
346,Were Īlu,22,ET,1586654839,36,10.6,39.43,52.23,3.36
347,Lang Son,82,VN,1586654840,64,21.83,106.73,59.99,12.88
348,Kapoeta,100,SS,1586654842,33,4.77,33.59,84.36,10.85
349,Spišská Nová Ves,36,SK,1586654843,74,48.94,20.56,44.01,4.7
350,Tahlequah,90,US,1586654844,77,35.92,-94.97,63.0,9.17
351,Cockburn Town,0,TC,1586654845,77,21.46,-71.14,79.61,13.73
352,Seydi,100,TM,1586654847,78,39.48,62.91,63.82,11.52
353,Lorengau,44,PG,1586654848,68,-2.02,147.27,85.15,3.06
354,Balaipungut,75,ID,1586654849,94,1.05,101.28,78.8,5.82
355,Ust-Tsilma,81,RU,1586654850,95,65.44,52.15,17.37,2.93
356,Kalmunai,4,LK,1586654852,80,7.42,81.82,80.94,4.63
357,Umeå,100,SE,1586654853,86,63.83,20.26,33.8,13.87
358,Pangody,100,RU,1586654854,95,65.85,74.49,16.88,6.96
359,Kimbe,8,PG,1586654856,61,-5.55,150.14,88.93,2.33
360,Mokhsogollokh,97,RU,1586654859,91,61.47,128.92,34.34,7.83
361,Erenhot,0,CN,1586654861,33,43.65,111.98,42.28,6.87
362,Korla,65,CN,1586654863,49,41.76,86.15,57.0,3.0
363,Bariloche,0,AR,1586654864,64,-41.15,-71.31,39.2,5.82
364,Lloró,89,CO,1586654865,87,5.5,-76.55,77.11,1.32
365,Ballina,40,AU,1586654867,53,-28.87,153.57,73.4,17.22
366,Chupa,31,RU,1586654868,95,66.27,33.05,21.11,6.2
367,Teya,0,RU,1586654869,94,60.38,92.63,25.86,3.42
368,Whitehorse,5,CA,1586654735,25,60.72,-135.05,41.0,0.89
369,Vostok,23,RU,1586654872,51,46.49,135.88,37.56,4.47
370,Nioki,77,CD,1586654874,85,-2.72,17.68,74.62,2.15
371,Gisborne,1,NZ,1586654875,42,-38.65,178.0,73.0,8.01
372,Kirove,17,UA,1586654876,68,47.65,35.7,39.72,10.56
373,Russell,1,US,1586654877,67,32.35,-85.2,66.2,4.7
374,College,75,US,1586654879,26,64.86,-147.8,46.4,3.2
375,San Quintín,10,MX,1586654880,73,30.48,-115.95,61.56,18.84
376,Northam,0,GB,1586654882,88,51.03,-4.22,52.0,1.99
377,Waterloo,1,CA,1586654795,60,43.47,-80.52,43.0,8.05
378,Varkala,20,IN,1586654884,83,8.73,76.71,80.6,3.36
379,Mandalgovi,0,MN,1586654885,32,45.76,106.27,39.33,13.82
380,Klyuchi,9,RU,1586654887,75,52.27,79.17,36.61,5.88
381,Palana,0,RU,1586654888,86,59.12,159.97,18.12,4.36
382,Kroya,22,ID,1586654889,79,-7.63,109.25,80.11,1.72
383,Kichmengskiy Gorodok,100,RU,1586654891,95,59.98,45.79,26.44,5.01
384,Jacareacanga,73,BR,1586654892,89,-6.22,-57.75,74.16,1.5
385,Mayor Pablo Lagerenza,0,PY,1586654893,39,-19.93,-60.77,70.41,3.04
386,Homer,90,US,1586654901,28,59.64,-151.55,44.6,8.05
387,Marzuq,1,YE,1586654837,49,14.4,46.47,71.33,4.16
388,Iquique,90,CL,1586654629,64,-20.22,-70.14,71.6,12.75
389,Qasigiannguit,89,GL,1586654905,73,68.82,-51.19,26.6,14.99
390,Yakovlevskoye,0,RU,1586654907,79,55.44,37.95,30.2,6.71
391,Vestmanna,99,FO,1586654908,80,62.16,-7.17,39.2,24.16
392,Kiryat Gat,7,IL,1586654910,82,31.61,34.76,55.4,3.36
393,Palmer,1,US,1586654826,38,42.16,-72.33,43.0,5.82
394,Bartlesville,90,US,1586654912,68,36.75,-95.98,66.2,17.22
395,Tena,86,EC,1586654914,69,-0.98,-77.82,73.02,1.5
396,Xylaganí,73,GR,1586654916,73,40.98,25.42,52.74,7.49
397,Jingdezhen,0,CN,1586654917,74,29.29,117.21,50.7,4.45
398,Samarai,88,PG,1586654918,57,-10.62,150.67,83.46,4.41
399,Valparaíso,90,CL,1586654800,93,-33.04,-71.63,55.4,6.06
400,Itarema,100,BR,1586654921,85,-2.92,-39.92,79.21,5.08
401,Koindu,85,GN,1586654922,83,8.44,-10.33,73.45,2.06
402,Kosh-Agach,53,RU,1586654924,46,50.0,88.67,28.26,0.96
403,Kyren,100,RU,1586654925,55,51.68,102.14,37.8,4.72
404,Batticaloa,5,LK,1586654733,82,7.71,81.69,79.59,1.74
405,‘Āhuimanu,40,US,1586654927,61,21.44,-157.84,82.4,6.93
406,Barranco,97,PA,1586654929,89,9.52,-82.7,81.0,1.48
407,Wanning,100,CN,1586654930,87,18.8,110.4,75.36,13.89
408,Ordu,62,TR,1586654832,72,40.91,37.68,34.41,4.09
409,Ambilobe,0,MG,1586654932,84,-13.2,49.05,72.12,3.96
410,Arraial do Cabo,100,BR,1586654934,75,-22.97,-42.03,72.82,4.7
411,Ancud,23,CL,1586654935,100,-41.87,-73.82,39.2,4.7
412,Bilibino,94,RU,1586654936,88,68.05,166.44,13.98,3.67
413,Kaohsiung City,75,TW,1586654762,68,22.62,120.31,71.6,17.22
414,Pendleton,90,US,1586654939,19,45.67,-118.79,62.01,17.22
415,Pangnirtung,97,CA,1586654940,87,66.15,-65.71,23.59,5.82
416,Plettenberg Bay,96,ZA,1586654942,57,-34.05,23.37,63.84,4.72
417,Balkanabat,0,TM,1586654943,59,39.51,54.37,53.67,6.31
418,Mangalore,20,IN,1586654944,83,12.87,74.88,80.6,2.75
419,Kindu,100,CD,1586654946,86,-2.95,25.95,71.58,2.26
420,Ise,75,JP,1586654935,58,34.48,136.7,53.6,5.82
421,Shambu,85,ET,1586654948,42,9.57,37.1,56.14,1.79
422,Yangi Marg`ilon,100,UZ,1586654949,76,40.43,71.72,57.2,6.93
423,Adilabad,0,IN,1586654951,20,19.67,78.53,81.75,1.99
424,Puerto Colombia,40,CO,1586654705,83,10.99,-74.95,82.4,12.75
425,Alim,69,PH,1586654953,69,9.56,122.49,81.05,3.8
426,Alofi,98,NU,1586654861,70,-19.06,-169.92,84.2,12.75
427,Zaysan,17,KZ,1586654956,52,47.47,84.87,39.54,1.77
428,Ardakān,40,IR,1586654957,42,32.31,54.02,66.2,2.24
429,Cabedelo,20,BR,1586654959,83,-6.98,-34.83,78.8,4.7
430,Muyezerskiy,0,RU,1586654961,92,63.93,31.65,23.72,3.0
431,Namatanai,97,PG,1586654956,72,-3.67,152.43,83.79,1.83
432,Channel-Port aux Basques,60,CA,1586654963,96,47.57,-59.14,31.84,18.19
433,Moerai,18,PF,1586654965,76,-22.43,-151.33,82.36,4.47
434,Prince Rupert,1,CA,1586654966,37,54.32,-130.32,50.0,14.99
435,East London,83,ZA,1586654967,59,-33.02,27.91,75.31,2.73
436,Margate,35,GB,1586654968,87,51.38,1.39,57.0,3.36
437,Lagoa,0,PT,1586654970,77,39.05,-27.98,61.14,10.92
438,Pisco,75,PE,1586654971,78,-13.7,-76.22,73.99,8.05
439,Maceió,20,BR,1586654972,94,-9.67,-35.74,77.0,4.7
440,Aasiaat,93,GL,1586654973,92,68.71,-52.87,24.28,5.73
441,Acaraú,100,BR,1586654975,87,-2.89,-40.12,78.62,4.34
442,Faya,38,SA,1586654976,67,18.39,42.45,64.4,4.18
443,Rivera,2,UY,1586654978,73,-30.91,-55.55,58.87,5.32
444,Ahipara,93,NZ,1586654979,73,-35.17,173.17,68.54,16.31
445,Kintampo,71,GH,1586654980,68,8.06,-1.73,79.66,3.44
446,Barkhan,80,PK,1586654983,32,29.9,69.53,69.67,3.83
447,Narsaq,100,GL,1586654984,36,60.92,-46.05,46.4,39.15
448,Nālūt,0,LY,1586654985,28,30.33,10.85,64.71,17.38
449,Xique-Xique,81,BR,1586654810,77,-10.82,-42.73,75.47,6.58
450,Amazar,0,RU,1586654988,50,53.86,120.88,44.24,1.86
451,Sibolga,96,ID,1586654989,77,1.74,98.78,79.02,3.29
452,Yulara,97,AU,1586654991,20,-25.24,130.99,84.2,5.82
453,Wagga Wagga,0,AU,1586654992,58,-35.12,147.37,57.2,5.82
454,Waingapu,52,ID,1586654994,74,-9.66,120.26,80.58,4.45
455,Mbandaka,100,CD,1586654995,89,0.05,18.26,72.28,4.7
456,Eureka,1,US,1586654751,71,40.8,-124.16,55.99,16.11
457,Helena,90,US,1586654872,63,46.59,-112.04,28.4,18.34
458,Batagay-Alyta,90,RU,1586654999,87,67.8,130.41,25.52,4.29
459,Ubari,0,LY,1586654854,22,26.59,12.78,69.24,10.33
460,Mackay,0,AU,1586655002,62,-21.15,149.2,88.0,9.17
461,Zyryanskoye,0,RU,1586655003,68,56.83,86.63,40.03,6.06
462,Pechora,100,RU,1586655004,95,65.15,57.22,17.28,2.26
463,Seydişehir,0,TR,1586655005,44,37.42,31.85,40.64,4.03
464,Baghlan,97,AF,1586655007,33,36.13,68.71,73.71,5.39
465,Kondinskoye,40,RU,1586655008,85,59.65,67.41,36.97,5.75
466,Dalvik,90,IS,1586655009,93,65.97,-18.53,32.0,24.16
467,Xichang,77,CN,1586654778,40,27.9,102.26,54.07,1.54
468,Paita,97,PE,1586655013,65,-5.09,-81.11,76.71,9.95
469,Chibombo,79,ZM,1586655017,69,-14.66,28.07,59.25,3.38
470,Opuwo,10,NA,1586655019,60,-18.06,13.84,66.52,4.9
471,Atambua,69,ID,1586655021,71,-9.11,124.89,79.93,5.14
472,Beringovskiy,98,RU,1586655022,94,63.05,179.32,14.68,10.31
473,Thinadhoo,0,MV,1586655024,64,0.53,72.93,84.18,5.5
474,Porto San Giorgio,19,IT,1586655025,66,43.18,13.79,55.0,3.36
475,Goderich,19,CA,1586654743,60,43.75,-81.72,48.0,9.1
476,Comodoro Rivadavia,0,AR,1586654979,43,-45.87,-67.5,53.6,16.11
477,Puerto Maldonado,26,PE,1586655029,62,-12.6,-69.18,71.8,0.63
478,Chu,96,KZ,1586655031,44,43.6,73.76,60.76,5.26
479,Vardø,48,NO,1586655032,94,70.37,31.11,26.17,10.33
480,Pastavy,99,BY,1586655034,78,55.12,26.83,33.96,7.58
481,Archidona,75,ES,1586655037,87,37.1,-4.39,59.0,2.24
482,Kirakira,94,SB,1586655038,72,-10.45,161.92,84.15,6.33
483,Pimentel,31,PE,1586655039,79,-6.84,-79.93,72.88,12.84
484,Deltona,40,US,1586654955,69,28.9,-81.26,75.99,10.29
485,Rabo de Peixe,20,PT,1586655042,76,37.8,-25.58,57.2,13.87
486,Walvis Bay,1,NA,1586655043,68,-22.96,14.51,68.0,3.36
487,Venado Tuerto,37,AR,1586655002,70,-33.75,-61.97,59.0,7.23
488,Stokmarknes,100,NO,1586655046,64,68.56,14.91,30.0,4.0
489,Little Current,1,CA,1586655047,74,45.98,-81.92,35.6,6.93
490,Upata,100,VE,1586655049,74,8.01,-62.4,72.75,8.55
491,Portobelo,20,PA,1586655050,66,9.55,-79.65,84.2,9.17
492,Tazovsky,100,RU,1586654790,95,67.47,78.7,14.29,12.06
493,Pimenta Bueno,69,BR,1586655006,89,-11.67,-61.19,73.49,1.14
494,Esso,100,RU,1586655054,85,55.93,158.7,25.72,4.52
495,São Filipe,90,CV,1586654962,75,14.9,-24.5,74.95,10.78
496,Dunedin,100,NZ,1586655057,76,-45.87,170.5,60.01,1.99
497,Grand-Lahou,72,CI,1586655058,83,5.14,-5.02,80.47,7.34
498,Hambantota,16,LK,1586655063,74,6.12,81.12,83.28,9.6
499,Kamaishi,40,JP,1586655065,61,39.27,141.88,50.0,3.36
500,Marsabit,49,KE,1586655066,64,2.33,37.99,66.79,16.42
501,General Roca,70,AR,1586655067,71,-39.03,-67.58,53.6,11.32
502,Mwinilunga,93,ZM,1586655070,66,-11.74,24.43,60.67,4.12
503,Harper,13,LR,1586655071,84,4.38,-7.72,78.6,0.63
504,Curuçá,100,BR,1586655074,86,-0.73,-47.85,79.38,6.13
505,Puerto del Rosario,24,ES,1586655075,72,28.5,-13.86,64.4,11.41
506,Canyon Lake,40,US,1586655076,88,29.88,-98.26,75.99,12.75
507,San Miguel,59,SV,1586654967,51,13.48,-88.18,87.31,5.7
508,Mamakan,100,RU,1586655079,60,57.82,114.0,39.97,6.44
509,Emerald,0,AU,1586655082,20,-23.53,148.17,86.0,13.87
510,Montes Claros,2,BR,1586655084,74,-16.73,-43.86,69.28,2.37
511,Celestún,0,MX,1586655085,80,20.87,-90.4,80.17,14.14
512,Casa Nova,94,BR,1586655088,72,-9.42,-41.13,76.87,3.02
513,Marsaxlokk,0,MT,1586655089,66,35.84,14.54,55.0,5.82
514,Birin,23,NP,1586655090,20,26.89,88.07,71.8,2.93
515,Krasnosel'kup,100,RU,1586655092,99,65.7,82.47,35.58,15.3
516,Abū Zabad,83,SD,1586655094,15,12.35,29.25,75.94,15.55
517,Montepuez,89,MZ,1586655095,85,-13.13,39.0,64.47,5.66
518,Luau,72,AO,1586655097,71,-10.71,22.22,62.96,3.89
519,Bathsheba,75,BB,1586655099,69,13.22,-59.52,80.6,16.11
520,Kushima,75,JP,1586655100,87,31.46,131.23,55.4,6.93
521,Broome,1,US,1586655101,47,42.25,-75.83,37.99,8.05
522,Labuan,75,MY,1586654898,88,5.28,115.24,82.4,2.24
523,Lourinhã,20,PT,1586655104,87,39.23,-9.32,57.2,9.17
524,Laas,5,IT,1586654828,80,46.62,10.7,52.0,5.82
525,Aksarka,33,RU,1586655107,92,66.56,67.8,14.94,5.97
526,Katunino,20,RU,1586655110,92,64.39,40.63,17.6,2.73
527,São Félix do Xingu,97,BR,1586655111,91,-6.64,-51.99,74.01,0.49
528,Rio Grande,0,BR,1586655049,94,-32.03,-52.1,55.99,7.58
529,Sinnamary,100,GF,1586655115,79,5.38,-52.95,78.96,13.06
530,Riyadh,40,SA,1586654837,27,24.69,46.72,73.4,6.93
531,Binzhou,0,CN,1586654861,38,37.37,118.02,55.13,11.68
532,Dudinka,75,RU,1586655118,94,69.41,86.18,33.8,33.55
533,Ust'-Karsk,0,RU,1586655120,24,52.7,118.81,62.55,6.08
534,Faanui,8,PF,1586655031,73,-16.48,-151.75,82.62,13.2
535,Kahului,1,US,1586655122,58,20.89,-156.47,82.4,14.99
536,Kanniyākumāri,1,IN,1586655005,74,8.08,77.57,84.02,13.35
537,Sanghar,3,PK,1586655125,69,26.05,68.95,73.4,11.56
538,Anadyr,75,RU,1586655126,78,64.75,177.48,8.6,13.42
539,Pochutla,72,MX,1586654960,75,15.74,-96.47,81.0,8.34
540,Toora-Khem,49,RU,1586655129,49,52.47,96.11,40.73,4.09
541,Cayenne,20,GF,1586655003,74,4.93,-52.33,80.6,5.82
542,Imeni Babushkina,0,RU,1586655131,91,59.76,43.13,25.66,4.79
543,Kamyshlov,93,RU,1586655133,79,56.84,62.71,41.11,5.26
544,Kenora,75,CA,1586655134,63,49.82,-94.43,30.2,9.17
545,Eldoret,37,KE,1586655136,49,0.52,35.27,55.6,1.7
546,Le Port,24,RE,1586655137,88,-20.94,55.29,73.4,11.41
547,Caçador,8,BR,1586654923,64,-26.78,-51.02,53.06,2.15
548,Wagar,14,SD,1586655140,63,16.15,36.2,65.48,10.87
549,Abalak,0,RU,1586655141,82,58.13,68.59,40.84,4.21
550,Băcani,5,RO,1586655142,64,46.33,27.67,37.4,3.36
551,Muros,90,ES,1586655019,93,42.78,-9.06,55.0,3.36
552,Sīrjān,100,IR,1586655145,29,29.45,55.68,61.7,7.25
553,Hasaki,75,JP,1586655062,76,35.73,140.83,57.0,11.41
554,Kysyl-Syr,100,RU,1586655148,91,63.9,122.76,32.63,12.55
555,Leyva Solano,40,MX,1586655149,43,25.67,-108.64,69.8,16.11
556,Jennings,90,US,1586655151,54,38.72,-90.26,62.01,6.93
557,Westport,1,US,1586654871,31,41.14,-73.36,53.01,5.82
558,Palu,0,ID,1586655154,41,-0.89,119.87,89.96,3.02
559,Tūkrah,28,LY,1586655155,72,32.53,20.58,55.87,6.42
560,Värnamo,92,SE,1586655156,87,57.19,14.04,43.0,10.29
561,Brighton,34,GB,1586655158,76,50.83,-0.14,55.99,1.12
562,Paamiut,100,GL,1586655159,89,61.99,-49.67,36.03,7.29
563,Asău,14,RO,1586655160,64,46.43,26.4,39.0,3.36
564,Natchez,1,US,1586654864,64,31.56,-91.4,69.8,5.82
565,Vestmannaeyjar,100,IS,1586654903,84,63.44,-20.27,43.2,8.34
566,Tocopilla,39,CL,1586655164,50,-22.09,-70.2,67.39,3.47
567,Puro,1,PH,1586655165,58,12.48,123.38,85.48,4.36
568,Zhezkazgan,100,KZ,1586655167,42,47.8,67.71,49.33,6.17
